country	continent	year	lifeExp	pop	gdpPercap
Afghanistan	Asia	1952	28	8425333	779
Afghanistan	Asia	1957	30	9240934	820
Afghanistan	Asia	1962	31	10267083	853
Afghanistan	Asia	1967	34	11537966	836
Afghanistan	Asia	1972	36	13079460	739
Afghanistan	Asia	1977	38	14880372	786
Afghanistan	Asia	1982	39	12881816	978
Afghanistan	Asia	1987	40	13867957	852
Afghanistan	Asia	1992	41	16317921	649
Afghanistan	Asia	1997	41	22227415	635
Afghanistan	Asia	2002	42	25268405	726
Afghanistan	Asia	2007	43	31889923	974
Albania	Europe	1952	55	1282697	1601
Albania	Europe	1957	59	1476505	1942
Albania	Europe	1962	64	1728137	2312
Albania	Europe	1967	66	1984060	2760
Albania	Europe	1972	67	2263554	3313
Albania	Europe	1977	68	2509048	3533
Albania	Europe	1982	70	2780097	3630
Albania	Europe	1987	72	3075321	3738
Albania	Europe	1992	71	3326498	2497
Albania	Europe	1997	72	3428038	3193
Albania	Europe	2002	75	3508512	4604
Albania	Europe	2007	76	3600523	5937
Algeria	Africa	1952	43	9279525	2449
Algeria	Africa	1957	45	10270856	3013
Algeria	Africa	1962	48	11000948	2550
Algeria	Africa	1967	51	12760499	3246
Algeria	Africa	1972	54	14760787	4182
Algeria	Africa	1977	58	17152804	4910
Algeria	Africa	1982	61	20033753	5745
Algeria	Africa	1987	65	23254956	5681
Algeria	Africa	1992	67	26298373	5023
Algeria	Africa	1997	69	29072015	4797
Algeria	Africa	2002	70	31287142	5288
Algeria	Africa	2007	72	33333216	6223
Angola	Africa	1952	30	4232095	3520
Angola	Africa	1957	31	4561361	3827
Angola	Africa	1962	34	4826015	4269
Angola	Africa	1967	35	5247469	5522
Angola	Africa	1972	37	5894858	5473
Angola	Africa	1977	39	6162675	3008
Angola	Africa	1982	39	7016384	2756
Angola	Africa	1987	39	7874230	2430
Angola	Africa	1992	40	8735988	2627
Angola	Africa	1997	40	9875024	2277
Angola	Africa	2002	41	10866106	2773
Angola	Africa	2007	42	12420476	4797
Argentina	Americas	1952	62	17876956	5911
Argentina	Americas	1957	64	19610538	6856
Argentina	Americas	1962	65	21283783	7133
Argentina	Americas	1967	65	22934225	8052
Argentina	Americas	1972	67	24779799	9443
Argentina	Americas	1977	68	26983828	10079
Argentina	Americas	1982	69	29341374	8997
Argentina	Americas	1987	70	31620918	9139
Argentina	Americas	1992	71	33958947	9308
Argentina	Americas	1997	73	36203463	10967
Argentina	Americas	2002	74	38331121	8797
Argentina	Americas	2007	75	40301927	12779
Australia	Oceania	1952	69	8691212	10039
Australia	Oceania	1957	70	9712569	10949
Australia	Oceania	1962	70	10794968	12217
Australia	Oceania	1967	71	11872264	14526
Australia	Oceania	1972	71	13177000	16788
Australia	Oceania	1977	73	14074100	18334
Australia	Oceania	1982	74	15184200	19477
Australia	Oceania	1987	76	16257249	21888
Australia	Oceania	1992	77	17481977	23424
Australia	Oceania	1997	78	18565243	26997
Australia	Oceania	2002	80	19546792	30687
Australia	Oceania	2007	81	20434176	34435
Austria	Europe	1952	66	6927772	6137
Austria	Europe	1957	67	6965860	8842
Austria	Europe	1962	69	7129864	10750
Austria	Europe	1967	70	7376998	12834
Austria	Europe	1972	70	7544201	16661
Austria	Europe	1977	72	7568430	19749
Austria	Europe	1982	73	7574613	21597
Austria	Europe	1987	74	7578903	23687
Austria	Europe	1992	76	7914969	27042
Austria	Europe	1997	77	8069876	29095
Austria	Europe	2002	78	8148312	32417
Austria	Europe	2007	79	8199783	36126
Bahrain	Asia	1952	50	120447	9867
Bahrain	Asia	1957	53	138655	11635
Bahrain	Asia	1962	56	171863	12753
Bahrain	Asia	1967	59	202182	14804
Bahrain	Asia	1972	63	230800	18268
Bahrain	Asia	1977	65	297410	19340
Bahrain	Asia	1982	69	377967	19211
Bahrain	Asia	1987	70	454612	18524
Bahrain	Asia	1992	72	529491	19035
Bahrain	Asia	1997	73	598561	20292
Bahrain	Asia	2002	74	656397	23403
Bahrain	Asia	2007	75	708573	29796
Bangladesh	Asia	1952	37	46886859	684
Bangladesh	Asia	1957	39	51365468	661
Bangladesh	Asia	1962	41	56839289	686
Bangladesh	Asia	1967	43	62821884	721
Bangladesh	Asia	1972	45	70759295	630
Bangladesh	Asia	1977	46	80428306	659
Bangladesh	Asia	1982	50	93074406	676
Bangladesh	Asia	1987	52	103764241	751
Bangladesh	Asia	1992	56	113704579	837
Bangladesh	Asia	1997	59	123315288	972
Bangladesh	Asia	2002	62	135656790	1136
Bangladesh	Asia	2007	64	150448339	1391
Belgium	Europe	1952	68	8730405	8343
Belgium	Europe	1957	69	8989111	9714
Belgium	Europe	1962	70	9218400	10991
Belgium	Europe	1967	70	9556500	13149
Belgium	Europe	1972	71	9709100	16672
Belgium	Europe	1977	72	9821800	19117
Belgium	Europe	1982	73	9856303	20979
Belgium	Europe	1987	75	9870200	22525
Belgium	Europe	1992	76	10045622	25575
Belgium	Europe	1997	77	10199787	27561
Belgium	Europe	2002	78	10311970	30485
Belgium	Europe	2007	79	10392226	33692
Benin	Africa	1952	38	1738315	1062
Benin	Africa	1957	40	1925173	959
Benin	Africa	1962	42	2151895	949
Benin	Africa	1967	44	2427334	1035
Benin	Africa	1972	47	2761407	1085
Benin	Africa	1977	49	3168267	1029
Benin	Africa	1982	50	3641603	1277
Benin	Africa	1987	52	4243788	1225
Benin	Africa	1992	53	4981671	1191
Benin	Africa	1997	54	6066080	1232
Benin	Africa	2002	54	7026113	1372
Benin	Africa	2007	56	8078314	1441
Bolivia	Americas	1952	40	2883315	2677
Bolivia	Americas	1957	41	3211738	2127
Bolivia	Americas	1962	43	3593918	2180
Bolivia	Americas	1967	45	4040665	2586
Bolivia	Americas	1972	46	4565872	2980
Bolivia	Americas	1977	50	5079716	3548
Bolivia	Americas	1982	53	5642224	3156
Bolivia	Americas	1987	57	6156369	2753
Bolivia	Americas	1992	59	6893451	2961
Bolivia	Americas	1997	62	7693188	3326
Bolivia	Americas	2002	63	8445134	3413
Bolivia	Americas	2007	65	9119152	3822
Bosnia and Herzegovina	Europe	1952	53	2791000	973
Bosnia and Herzegovina	Europe	1957	58	3076000	1353
Bosnia and Herzegovina	Europe	1962	61	3349000	1709
Bosnia and Herzegovina	Europe	1967	64	3585000	2172
Bosnia and Herzegovina	Europe	1972	67	3819000	2860
Bosnia and Herzegovina	Europe	1977	69	4086000	3528
Bosnia and Herzegovina	Europe	1982	70	4172693	4126
Bosnia and Herzegovina	Europe	1987	71	4338977	4314
Bosnia and Herzegovina	Europe	1992	72	4256013	2546
Bosnia and Herzegovina	Europe	1997	73	3607000	4766
Bosnia and Herzegovina	Europe	2002	74	4165416	6018
Bosnia and Herzegovina	Europe	2007	74	4552198	7446
Botswana	Africa	1952	47	442308	851
Botswana	Africa	1957	49	474639	918
Botswana	Africa	1962	51	512764	983
Botswana	Africa	1967	53	553541	1214
Botswana	Africa	1972	56	619351	2263
Botswana	Africa	1977	59	781472	3214
Botswana	Africa	1982	61	970347	4551
Botswana	Africa	1987	63	1151184	6205
Botswana	Africa	1992	62	1342614	7954
Botswana	Africa	1997	52	1536536	8647
Botswana	Africa	2002	46	1630347	11003
Botswana	Africa	2007	50	1639131	12569
Brazil	Americas	1952	50	56602560	2108
Brazil	Americas	1957	53	65551171	2487
Brazil	Americas	1962	55	76039390	3336
Brazil	Americas	1967	57	88049823	3429
Brazil	Americas	1972	59	100840058	4985
Brazil	Americas	1977	61	114313951	6660
Brazil	Americas	1982	63	128962939	7030
Brazil	Americas	1987	65	142938076	7807
Brazil	Americas	1992	67	155975974	6950
Brazil	Americas	1997	69	168546719	7957
Brazil	Americas	2002	71	179914212	8131
Brazil	Americas	2007	72	190010647	9065
Bulgaria	Europe	1952	59	7274900	2444
Bulgaria	Europe	1957	66	7651254	3008
Bulgaria	Europe	1962	69	8012946	4254
Bulgaria	Europe	1967	70	8310226	5577
Bulgaria	Europe	1972	70	8576200	6597
Bulgaria	Europe	1977	70	8797022	7612
Bulgaria	Europe	1982	71	8892098	8224
Bulgaria	Europe	1987	71	8971958	8239
Bulgaria	Europe	1992	71	8658506	6302
Bulgaria	Europe	1997	70	8066057	5970
Bulgaria	Europe	2002	72	7661799	7696
Bulgaria	Europe	2007	73	7322858	10680
Burkina Faso	Africa	1952	31	4469979	543
Burkina Faso	Africa	1957	34	4713416	617
Burkina Faso	Africa	1962	37	4919632	722
Burkina Faso	Africa	1967	40	5127935	794
Burkina Faso	Africa	1972	43	5433886	854
Burkina Faso	Africa	1977	46	5889574	743
Burkina Faso	Africa	1982	48	6634596	807
Burkina Faso	Africa	1987	49	7586551	912
Burkina Faso	Africa	1992	50	8878303	931
Burkina Faso	Africa	1997	50	10352843	946
Burkina Faso	Africa	2002	50	12251209	1037
Burkina Faso	Africa	2007	52	14326203	1217
Burundi	Africa	1952	39	2445618	339
Burundi	Africa	1957	40	2667518	379
Burundi	Africa	1962	42	2961915	355
Burundi	Africa	1967	43	3330989	412
Burundi	Africa	1972	44	3529983	464
Burundi	Africa	1977	45	3834415	556
Burundi	Africa	1982	47	4580410	559
Burundi	Africa	1987	48	5126023	621
Burundi	Africa	1992	44	5809236	631
Burundi	Africa	1997	45	6121610	463
Burundi	Africa	2002	47	7021078	446
Burundi	Africa	2007	49	8390505	430
Cambodia	Asia	1952	39	4693836	368
Cambodia	Asia	1957	41	5322536	434
Cambodia	Asia	1962	43	6083619	496
Cambodia	Asia	1967	45	6960067	523
Cambodia	Asia	1972	40	7450606	421
Cambodia	Asia	1977	31	6978607	524
Cambodia	Asia	1982	50	7272485	624
Cambodia	Asia	1987	53	8371791	683
Cambodia	Asia	1992	55	10150094	682
Cambodia	Asia	1997	56	11782962	734
Cambodia	Asia	2002	56	12926707	896
Cambodia	Asia	2007	59	14131858	1713
Cameroon	Africa	1952	38	5009067	1172
Cameroon	Africa	1957	40	5359923	1313
Cameroon	Africa	1962	42	5793633	1399
Cameroon	Africa	1967	44	6335506	1508
Cameroon	Africa	1972	47	7021028	1684
Cameroon	Africa	1977	49	7959865	1783
Cameroon	Africa	1982	52	9250831	2367
Cameroon	Africa	1987	54	10780667	2602
Cameroon	Africa	1992	54	12467171	1793
Cameroon	Africa	1997	52	14195809	1694
Cameroon	Africa	2002	49	15929988	1934
Cameroon	Africa	2007	50	17696293	2042
Canada	Americas	1952	68	14785584	11367
Canada	Americas	1957	69	17010154	12489
Canada	Americas	1962	71	18985849	13462
Canada	Americas	1967	72	20819767	16076
Canada	Americas	1972	72	22284500	18970
Canada	Americas	1977	74	23796400	22090
Canada	Americas	1982	75	25201900	22898
Canada	Americas	1987	76	26549700	26626
Canada	Americas	1992	77	28523502	26342
Canada	Americas	1997	78	30305843	28954
Canada	Americas	2002	79	31902268	33328
Canada	Americas	2007	80	33390141	36319
Central African Republic	Africa	1952	35	1291695	1071
Central African Republic	Africa	1957	37	1392284	1190
Central African Republic	Africa	1962	39	1523478	1193
Central African Republic	Africa	1967	41	1733638	1136
Central African Republic	Africa	1972	43	1927260	1070
Central African Republic	Africa	1977	46	2167533	1109
Central African Republic	Africa	1982	48	2476971	956
Central African Republic	Africa	1987	50	2840009	844
Central African Republic	Africa	1992	49	3265124	747
Central African Republic	Africa	1997	46	3696513	740
Central African Republic	Africa	2002	43	4048013	738
Central African Republic	Africa	2007	44	4369038	706
Chad	Africa	1952	38	2682462	1178
Chad	Africa	1957	39	2894855	1308
Chad	Africa	1962	41	3150417	1389
Chad	Africa	1967	43	3495967	1196
Chad	Africa	1972	45	3899068	1104
Chad	Africa	1977	47	4388260	1133
Chad	Africa	1982	49	4875118	797
Chad	Africa	1987	51	5498955	952
Chad	Africa	1992	51	6429417	1058
Chad	Africa	1997	51	7562011	1004
Chad	Africa	2002	50	8835739	1156
Chad	Africa	2007	50	10238807	1704
Chile	Americas	1952	54	6377619	3939
Chile	Americas	1957	56	7048426	4315
Chile	Americas	1962	57	7961258	4519
Chile	Americas	1967	60	8858908	5106
Chile	Americas	1972	63	9717524	5494
Chile	Americas	1977	67	10599793	4756
Chile	Americas	1982	70	11487112	5095
Chile	Americas	1987	72	12463354	5547
Chile	Americas	1992	74	13572994	7596
Chile	Americas	1997	75	14599929	10118
Chile	Americas	2002	77	15497046	10778
Chile	Americas	2007	78	16284741	13171
China	Asia	1952	44	556263527	400
China	Asia	1957	50	637408000	575
China	Asia	1962	44	665770000	487
China	Asia	1967	58	754550000	612
China	Asia	1972	63	862030000	676
China	Asia	1977	63	943455000	741
China	Asia	1982	65	1000281000	962
China	Asia	1987	67	1084035000	1378
China	Asia	1992	68	1164970000	1655
China	Asia	1997	70	1230075000	2289
China	Asia	2002	72	1280400000	3119
China	Asia	2007	72	1318683096	4959
Colombia	Americas	1952	50	12350771	2144
Colombia	Americas	1957	55	14485993	2323
Colombia	Americas	1962	57	17009885	2492
Colombia	Americas	1967	59	19764027	2678
Colombia	Americas	1972	61	22542890	3264
Colombia	Americas	1977	63	25094412	3815
Colombia	Americas	1982	66	27764644	4397
Colombia	Americas	1987	67	30964245	4903
Colombia	Americas	1992	68	34202721	5444
Colombia	Americas	1997	70	37657830	6117
Colombia	Americas	2002	71	41008227	5755
Colombia	Americas	2007	72	44227550	7006
Comoros	Africa	1952	40	153936	1102
Comoros	Africa	1957	42	170928	1211
Comoros	Africa	1962	44	191689	1406
Comoros	Africa	1967	46	217378	1876
Comoros	Africa	1972	48	250027	1937
Comoros	Africa	1977	50	304739	1172
Comoros	Africa	1982	52	348643	1267
Comoros	Africa	1987	54	395114	1315
Comoros	Africa	1992	57	454429	1246
Comoros	Africa	1997	60	527982	1173
Comoros	Africa	2002	62	614382	1075
Comoros	Africa	2007	65	710960	986
Congo, Dem. Rep.	Africa	1952	39	14100005	780
Congo, Dem. Rep.	Africa	1957	40	15577932	905
Congo, Dem. Rep.	Africa	1962	42	17486434	896
Congo, Dem. Rep.	Africa	1967	44	19941073	861
Congo, Dem. Rep.	Africa	1972	45	23007669	904
Congo, Dem. Rep.	Africa	1977	47	26480870	795
Congo, Dem. Rep.	Africa	1982	47	30646495	673
Congo, Dem. Rep.	Africa	1987	47	35481645	672
Congo, Dem. Rep.	Africa	1992	45	41672143	457
Congo, Dem. Rep.	Africa	1997	42	47798986	312
Congo, Dem. Rep.	Africa	2002	44	55379852	241
Congo, Dem. Rep.	Africa	2007	46	64606759	277
Congo, Rep.	Africa	1952	42	854885	2125
Congo, Rep.	Africa	1957	45	940458	2315
Congo, Rep.	Africa	1962	48	1047924	2464
Congo, Rep.	Africa	1967	52	1179760	2677
Congo, Rep.	Africa	1972	54	1340458	3213
Congo, Rep.	Africa	1977	55	1536769	3259
Congo, Rep.	Africa	1982	56	1774735	4879
Congo, Rep.	Africa	1987	57	2064095	4201
Congo, Rep.	Africa	1992	56	2409073	4016
Congo, Rep.	Africa	1997	52	2800947	3484
Congo, Rep.	Africa	2002	52	3328795	3484
Congo, Rep.	Africa	2007	55	3800610	3632
Costa Rica	Americas	1952	57	926317	2627
Costa Rica	Americas	1957	60	1112300	2990
Costa Rica	Americas	1962	62	1345187	3460
Costa Rica	Americas	1967	65	1588717	4161
Costa Rica	Americas	1972	67	1834796	5118
Costa Rica	Americas	1977	70	2108457	5926
Costa Rica	Americas	1982	73	2424367	5262
Costa Rica	Americas	1987	74	2799811	5629
Costa Rica	Americas	1992	75	3173216	6160
Costa Rica	Americas	1997	77	3518107	6677
Costa Rica	Americas	2002	78	3834934	7723
Costa Rica	Americas	2007	78	4133884	9645
Cote d'Ivoire	Africa	1952	40	2977019	1388
Cote d'Ivoire	Africa	1957	42	3300000	1500
Cote d'Ivoire	Africa	1962	44	3832408	1728
Cote d'Ivoire	Africa	1967	47	4744870	2052
Cote d'Ivoire	Africa	1972	49	6071696	2378
Cote d'Ivoire	Africa	1977	52	7459574	2517
Cote d'Ivoire	Africa	1982	53	9025951	2602
Cote d'Ivoire	Africa	1987	54	10761098	2156
Cote d'Ivoire	Africa	1992	52	12772596	1648
Cote d'Ivoire	Africa	1997	47	14625967	1786
Cote d'Ivoire	Africa	2002	46	16252726	1648
Cote d'Ivoire	Africa	2007	48	18013409	1544
Croatia	Europe	1952	61	3882229	3119
Croatia	Europe	1957	64	3991242	4338
Croatia	Europe	1962	67	4076557	5477
Croatia	Europe	1967	68	4174366	6960
Croatia	Europe	1972	69	4225310	9164
Croatia	Europe	1977	70	4318673	11305
Croatia	Europe	1982	70	4413368	13221
Croatia	Europe	1987	71	4484310	13822
Croatia	Europe	1992	72	4494013	8447
Croatia	Europe	1997	73	4444595	9875
Croatia	Europe	2002	74	4481020	11628
Croatia	Europe	2007	75	4493312	14619
Cuba	Americas	1952	59	6007797	5586
Cuba	Americas	1957	62	6640752	6092
Cuba	Americas	1962	65	7254373	5180
Cuba	Americas	1967	68	8139332	5690
Cuba	Americas	1972	70	8831348	5305
Cuba	Americas	1977	72	9537988	6380
Cuba	Americas	1982	73	9789224	7316
Cuba	Americas	1987	74	10239839	7532
Cuba	Americas	1992	74	10723260	5592
Cuba	Americas	1997	76	10983007	5431
Cuba	Americas	2002	77	11226999	6340
Cuba	Americas	2007	78	11416987	8948
Czech Republic	Europe	1952	66	9125183	6876
Czech Republic	Europe	1957	69	9513758	8256
Czech Republic	Europe	1962	69	9620282	10136
Czech Republic	Europe	1967	70	9835109	11399
Czech Republic	Europe	1972	70	9862158	13108
Czech Republic	Europe	1977	70	10161915	14800
Czech Republic	Europe	1982	70	10303704	15377
Czech Republic	Europe	1987	71	10311597	16310
Czech Republic	Europe	1992	72	10315702	14297
Czech Republic	Europe	1997	74	10300707	16048
Czech Republic	Europe	2002	75	10256295	17596
Czech Republic	Europe	2007	76	10228744	22833
Denmark	Europe	1952	70	4334000	9692
Denmark	Europe	1957	71	4487831	11099
Denmark	Europe	1962	72	4646899	13583
Denmark	Europe	1967	72	4838800	15937
Denmark	Europe	1972	73	4991596	18866
Denmark	Europe	1977	74	5088419	20422
Denmark	Europe	1982	74	5117810	21688
Denmark	Europe	1987	74	5127024	25116
Denmark	Europe	1992	75	5171393	26406
Denmark	Europe	1997	76	5283663	29804
Denmark	Europe	2002	77	5374693	32166
Denmark	Europe	2007	78	5468120	35278
Djibouti	Africa	1952	34	63149	2669
Djibouti	Africa	1957	37	71851	2864
Djibouti	Africa	1962	39	89898	3020
Djibouti	Africa	1967	42	127617	3020
Djibouti	Africa	1972	44	178848	3694
Djibouti	Africa	1977	46	228694	3081
Djibouti	Africa	1982	48	305991	2879
Djibouti	Africa	1987	50	311025	2880
Djibouti	Africa	1992	51	384156	2377
Djibouti	Africa	1997	53	417908	1895
Djibouti	Africa	2002	53	447416	1908
Djibouti	Africa	2007	54	496374	2082
Dominican Republic	Americas	1952	45	2491346	1397
Dominican Republic	Americas	1957	49	2923186	1544
Dominican Republic	Americas	1962	53	3453434	1662
Dominican Republic	Americas	1967	56	4049146	1653
Dominican Republic	Americas	1972	59	4671329	2189
Dominican Republic	Americas	1977	61	5302800	2681
Dominican Republic	Americas	1982	63	5968349	2861
Dominican Republic	Americas	1987	66	6655297	2899
Dominican Republic	Americas	1992	68	7351181	3044
Dominican Republic	Americas	1997	69	7992357	3614
Dominican Republic	Americas	2002	70	8650322	4563
Dominican Republic	Americas	2007	72	9319622	6025
Ecuador	Americas	1952	48	3548753	3522
Ecuador	Americas	1957	51	4058385	3780
Ecuador	Americas	1962	54	4681707	4086
Ecuador	Americas	1967	56	5432424	4579
Ecuador	Americas	1972	58	6298651	5280
Ecuador	Americas	1977	61	7278866	6679
Ecuador	Americas	1982	64	8365850	7213
Ecuador	Americas	1987	67	9545158	6481
Ecuador	Americas	1992	69	10748394	7103
Ecuador	Americas	1997	72	11911819	7429
Ecuador	Americas	2002	74	12921234	5773
Ecuador	Americas	2007	74	13755680	6873
Egypt	Africa	1952	41	22223309	1418
Egypt	Africa	1957	44	25009741	1458
Egypt	Africa	1962	46	28173309	1693
Egypt	Africa	1967	49	31681188	1814
Egypt	Africa	1972	51	34807417	2024
Egypt	Africa	1977	53	38783863	2785
Egypt	Africa	1982	56	45681811	3503
Egypt	Africa	1987	59	52799062	3885
Egypt	Africa	1992	63	59402198	3794
Egypt	Africa	1997	67	66134291	4173
Egypt	Africa	2002	69	73312559	4754
Egypt	Africa	2007	71	80264543	5581
El Salvador	Americas	1952	45	2042865	3048
El Salvador	Americas	1957	48	2355805	3421
El Salvador	Americas	1962	52	2747687	3776
El Salvador	Americas	1967	55	3232927	4358
El Salvador	Americas	1972	58	3790903	4520
El Salvador	Americas	1977	56	4282586	5138
El Salvador	Americas	1982	56	4474873	4098
El Salvador	Americas	1987	63	4842194	4140
El Salvador	Americas	1992	66	5274649	4444
El Salvador	Americas	1997	69	5783439	5154
El Salvador	Americas	2002	70	6353681	5351
El Salvador	Americas	2007	71	6939688	5728
Equatorial Guinea	Africa	1952	34	216964	375
Equatorial Guinea	Africa	1957	35	232922	426
Equatorial Guinea	Africa	1962	37	249220	582
Equatorial Guinea	Africa	1967	38	259864	915
Equatorial Guinea	Africa	1972	40	277603	672
Equatorial Guinea	Africa	1977	42	192675	958
Equatorial Guinea	Africa	1982	43	285483	927
Equatorial Guinea	Africa	1987	45	341244	966
Equatorial Guinea	Africa	1992	47	387838	1132
Equatorial Guinea	Africa	1997	48	439971	2814
Equatorial Guinea	Africa	2002	49	495627	7703
Equatorial Guinea	Africa	2007	51	551201	12154
Eritrea	Africa	1952	35	1438760	328
Eritrea	Africa	1957	38	1542611	344
Eritrea	Africa	1962	40	1666618	380
Eritrea	Africa	1967	42	1820319	468
Eritrea	Africa	1972	44	2260187	514
Eritrea	Africa	1977	44	2512642	505
Eritrea	Africa	1982	43	2637297	524
Eritrea	Africa	1987	46	2915959	521
Eritrea	Africa	1992	49	3668440	582
Eritrea	Africa	1997	53	4058319	913
Eritrea	Africa	2002	55	4414865	765
Eritrea	Africa	2007	58	4906585	641
Ethiopia	Africa	1952	34	20860941	362
Ethiopia	Africa	1957	36	22815614	378
Ethiopia	Africa	1962	40	25145372	419
Ethiopia	Africa	1967	42	27860297	516
Ethiopia	Africa	1972	43	30770372	566
Ethiopia	Africa	1977	44	34617799	556
Ethiopia	Africa	1982	44	38111756	577
Ethiopia	Africa	1987	46	42999530	573
Ethiopia	Africa	1992	48	52088559	421
Ethiopia	Africa	1997	49	59861301	515
Ethiopia	Africa	2002	50	67946797	530
Ethiopia	Africa	2007	52	76511887	690
Finland	Europe	1952	66	4090500	6424
Finland	Europe	1957	67	4324000	7545
Finland	Europe	1962	68	4491443	9371
Finland	Europe	1967	69	4605744	10921
Finland	Europe	1972	70	4639657	14358
Finland	Europe	1977	72	4738902	15605
Finland	Europe	1982	74	4826933	18533
Finland	Europe	1987	74	4931729	21141
Finland	Europe	1992	75	5041039	20647
Finland	Europe	1997	77	5134406	23723
Finland	Europe	2002	78	5193039	28204
Finland	Europe	2007	79	5238460	33207
France	Europe	1952	67	42459667	7029
France	Europe	1957	68	44310863	8662
France	Europe	1962	70	47124000	10560
France	Europe	1967	71	49569000	12999
France	Europe	1972	72	51732000	16107
France	Europe	1977	73	53165019	18292
France	Europe	1982	74	54433565	20293
France	Europe	1987	76	55630100	22066
France	Europe	1992	77	57374179	24703
France	Europe	1997	78	58623428	25889
France	Europe	2002	79	59925035	28926
France	Europe	2007	80	61083916	30470
Gabon	Africa	1952	37	420702	4293
Gabon	Africa	1957	38	434904	4976
Gabon	Africa	1962	40	455661	6631
Gabon	Africa	1967	44	489004	8358
Gabon	Africa	1972	48	537977	11401
Gabon	Africa	1977	52	706367	21745
Gabon	Africa	1982	56	753874	15113
Gabon	Africa	1987	60	880397	11864
Gabon	Africa	1992	61	985739	13522
Gabon	Africa	1997	60	1126189	14722
Gabon	Africa	2002	56	1299304	12521
Gabon	Africa	2007	56	1454867	13206
Gambia	Africa	1952	30	284320	485
Gambia	Africa	1957	32	323150	520
Gambia	Africa	1962	33	374020	599
Gambia	Africa	1967	35	439593	734
Gambia	Africa	1972	38	517101	756
Gambia	Africa	1977	41	608274	884
Gambia	Africa	1982	45	715523	835
Gambia	Africa	1987	49	848406	611
Gambia	Africa	1992	52	1025384	665
Gambia	Africa	1997	55	1235767	653
Gambia	Africa	2002	58	1457766	660
Gambia	Africa	2007	59	1688359	752
Germany	Europe	1952	67	69145952	7144
Germany	Europe	1957	69	71019069	10187
Germany	Europe	1962	70	73739117	12902
Germany	Europe	1967	70	76368453	14745
Germany	Europe	1972	71	78717088	18016
Germany	Europe	1977	72	78160773	20512
Germany	Europe	1982	73	78335266	22031
Germany	Europe	1987	74	77718298	24639
Germany	Europe	1992	76	80597764	26505
Germany	Europe	1997	77	82011073	27788
Germany	Europe	2002	78	82350671	30035
Germany	Europe	2007	79	82400996	32170
Ghana	Africa	1952	43	5581001	911
Ghana	Africa	1957	44	6391288	1043
Ghana	Africa	1962	46	7355248	1190
Ghana	Africa	1967	48	8490213	1125
Ghana	Africa	1972	49	9354120	1178
Ghana	Africa	1977	51	10538093	993
Ghana	Africa	1982	53	11400338	876
Ghana	Africa	1987	55	14168101	847
Ghana	Africa	1992	57	16278738	925
Ghana	Africa	1997	58	18418288	1005
Ghana	Africa	2002	58	20550751	1111
Ghana	Africa	2007	60	22873338	1327
Greece	Europe	1952	65	7733250	3530
Greece	Europe	1957	67	8096218	4916
Greece	Europe	1962	69	8448233	6017
Greece	Europe	1967	71	8716441	8513
Greece	Europe	1972	72	8888628	12724
Greece	Europe	1977	73	9308479	14195
Greece	Europe	1982	75	9786480	15268
Greece	Europe	1987	76	9974490	16120
Greece	Europe	1992	77	10325429	17541
Greece	Europe	1997	77	10502372	18747
Greece	Europe	2002	78	10603863	22514
Greece	Europe	2007	79	10706290	27538
Guatemala	Americas	1952	42	3146381	2428
Guatemala	Americas	1957	44	3640876	2617
Guatemala	Americas	1962	46	4208858	2750
Guatemala	Americas	1967	50	4690773	3242
Guatemala	Americas	1972	53	5149581	4031
Guatemala	Americas	1977	56	5703430	4879
Guatemala	Americas	1982	58	6395630	4820
Guatemala	Americas	1987	60	7326406	4246
Guatemala	Americas	1992	63	8486949	4439
Guatemala	Americas	1997	66	9803875	4684
Guatemala	Americas	2002	68	11178650	4858
Guatemala	Americas	2007	70	12572928	5186
Guinea	Africa	1952	33	2664249	510
Guinea	Africa	1957	34	2876726	576
Guinea	Africa	1962	35	3140003	686
Guinea	Africa	1967	37	3451418	708
Guinea	Africa	1972	38	3811387	741
Guinea	Africa	1977	40	4227026	874
Guinea	Africa	1982	42	4710497	857
Guinea	Africa	1987	45	5650262	805
Guinea	Africa	1992	48	6990574	794
Guinea	Africa	1997	51	8048834	869
Guinea	Africa	2002	53	8807818	945
Guinea	Africa	2007	56	9947814	942
Guinea-Bissau	Africa	1952	32	580653	299
Guinea-Bissau	Africa	1957	33	601095	431
Guinea-Bissau	Africa	1962	34	627820	522
Guinea-Bissau	Africa	1967	35	601287	715
Guinea-Bissau	Africa	1972	36	625361	820
Guinea-Bissau	Africa	1977	37	745228	764
Guinea-Bissau	Africa	1982	39	825987	838
Guinea-Bissau	Africa	1987	41	927524	736
Guinea-Bissau	Africa	1992	43	1050938	745
Guinea-Bissau	Africa	1997	44	1193708	796
Guinea-Bissau	Africa	2002	45	1332459	575
Guinea-Bissau	Africa	2007	46	1472041	579
Haiti	Americas	1952	37	3201488	1840
Haiti	Americas	1957	40	3507701	1726
Haiti	Americas	1962	43	3880130	1796
Haiti	Americas	1967	46	4318137	1452
Haiti	Americas	1972	48	4698301	1654
Haiti	Americas	1977	49	4908554	1874
Haiti	Americas	1982	51	5198399	2011
Haiti	Americas	1987	53	5756203	1823
Haiti	Americas	1992	55	6326682	1456
Haiti	Americas	1997	56	6913545	1341
Haiti	Americas	2002	58	7607651	1270
Haiti	Americas	2007	60	8502814	1201
Honduras	Americas	1952	41	1517453	2194
Honduras	Americas	1957	44	1770390	2220
Honduras	Americas	1962	48	2090162	2291
Honduras	Americas	1967	50	2500689	2538
Honduras	Americas	1972	53	2965146	2529
Honduras	Americas	1977	57	3055235	3203
Honduras	Americas	1982	60	3669448	3121
Honduras	Americas	1987	64	4372203	3023
Honduras	Americas	1992	66	5077347	3081
Honduras	Americas	1997	67	5867957	3160
Honduras	Americas	2002	68	6677328	3099
Honduras	Americas	2007	70	7483763	3548
Hong Kong, China	Asia	1952	60	2125900	3054
Hong Kong, China	Asia	1957	64	2736300	3629
Hong Kong, China	Asia	1962	67	3305200	4692
Hong Kong, China	Asia	1967	70	3722800	6197
Hong Kong, China	Asia	1972	72	4115700	8315
Hong Kong, China	Asia	1977	73	4583700	11186
Hong Kong, China	Asia	1982	75	5264500	14560
Hong Kong, China	Asia	1987	76	5584510	20038
Hong Kong, China	Asia	1992	77	5829696	24757
Hong Kong, China	Asia	1997	80	6495918	28377
Hong Kong, China	Asia	2002	81	6762476	30209
Hong Kong, China	Asia	2007	82	6980412	39724
Hungary	Europe	1952	64	9504000	5263
Hungary	Europe	1957	66	9839000	6040
Hungary	Europe	1962	67	10063000	7550
Hungary	Europe	1967	69	10223422	9326
Hungary	Europe	1972	69	10394091	10168
Hungary	Europe	1977	69	10637171	11674
Hungary	Europe	1982	69	10705535	12545
Hungary	Europe	1987	69	10612740	12986
Hungary	Europe	1992	69	10348684	10535
Hungary	Europe	1997	71	10244684	11712
Hungary	Europe	2002	72	10083313	14843
Hungary	Europe	2007	73	9956108	18008
Iceland	Europe	1952	72	147962	7267
Iceland	Europe	1957	73	165110	9244
Iceland	Europe	1962	73	182053	10350
Iceland	Europe	1967	73	198676	13319
Iceland	Europe	1972	74	209275	15798
Iceland	Europe	1977	76	221823	19654
Iceland	Europe	1982	76	233997	23269
Iceland	Europe	1987	77	244676	26923
Iceland	Europe	1992	78	259012	25144
Iceland	Europe	1997	78	271192	28061
Iceland	Europe	2002	80	288030	31163
Iceland	Europe	2007	81	301931	36180
India	Asia	1952	37	372000000	546
India	Asia	1957	40	409000000	590
India	Asia	1962	43	454000000	658
India	Asia	1967	47	506000000	700
India	Asia	1972	50	567000000	724
India	Asia	1977	54	634000000	813
India	Asia	1982	56	708000000	855
India	Asia	1987	58	788000000	976
India	Asia	1992	60	872000000	1164
India	Asia	1997	61	959000000	1458
India	Asia	2002	62	1034172547	1746
India	Asia	2007	64	1110396331	2452
Indonesia	Asia	1952	37	82052000	749
Indonesia	Asia	1957	39	90124000	858
Indonesia	Asia	1962	42	99028000	849
Indonesia	Asia	1967	45	109343000	762
Indonesia	Asia	1972	49	121282000	1111
Indonesia	Asia	1977	52	136725000	1382
Indonesia	Asia	1982	56	153343000	1516
Indonesia	Asia	1987	60	169276000	1748
Indonesia	Asia	1992	62	184816000	2383
Indonesia	Asia	1997	66	199278000	3119
Indonesia	Asia	2002	68	211060000	2873
Indonesia	Asia	2007	70	223547000	3540
Iran	Asia	1952	44	17272000	3035
Iran	Asia	1957	47	19792000	3290
Iran	Asia	1962	49	22874000	4187
Iran	Asia	1967	52	26538000	5906
Iran	Asia	1972	55	30614000	9613
Iran	Asia	1977	57	35480679	11888
Iran	Asia	1982	59	43072751	7608
Iran	Asia	1987	63	51889696	6642
Iran	Asia	1992	65	60397973	7235
Iran	Asia	1997	68	63327987	8263
Iran	Asia	2002	69	66907826	9240
Iran	Asia	2007	70	69453570	11605
Iraq	Asia	1952	45	5441766	4129
Iraq	Asia	1957	48	6248643	6229
Iraq	Asia	1962	51	7240260	8341
Iraq	Asia	1967	54	8519282	8931
Iraq	Asia	1972	56	10061506	9576
Iraq	Asia	1977	60	11882916	14688
Iraq	Asia	1982	62	14173318	14517
Iraq	Asia	1987	65	16543189	11643
Iraq	Asia	1992	59	17861905	3745
Iraq	Asia	1997	58	20775703	3076
Iraq	Asia	2002	57	24001816	4390
Iraq	Asia	2007	59	27499638	4471
Ireland	Europe	1952	66	2952156	5210
Ireland	Europe	1957	68	2878220	5599
Ireland	Europe	1962	70	2830000	6631
Ireland	Europe	1967	71	2900100	7655
Ireland	Europe	1972	71	3024400	9530
Ireland	Europe	1977	72	3271900	11150
Ireland	Europe	1982	73	3480000	12618
Ireland	Europe	1987	74	3539900	13872
Ireland	Europe	1992	75	3557761	17558
Ireland	Europe	1997	76	3667233	24521
Ireland	Europe	2002	77	3879155	34077
Ireland	Europe	2007	78	4109086	40675
Israel	Asia	1952	65	1620914	4086
Israel	Asia	1957	67	1944401	5385
Israel	Asia	1962	69	2310904	7105
Israel	Asia	1967	70	2693585	8393
Israel	Asia	1972	71	3095893	12786
Israel	Asia	1977	73	3495918	13306
Israel	Asia	1982	74	3858421	15367
Israel	Asia	1987	75	4203148	17122
Israel	Asia	1992	76	4936550	18051
Israel	Asia	1997	78	5531387	20896
Israel	Asia	2002	79	6029529	21905
Israel	Asia	2007	80	6426679	25523
Italy	Europe	1952	65	47666000	4931
Italy	Europe	1957	67	49182000	6248
Italy	Europe	1962	69	50843200	8243
Italy	Europe	1967	71	52667100	10022
Italy	Europe	1972	72	54365564	12269
Italy	Europe	1977	73	56059245	14255
Italy	Europe	1982	74	56535636	16537
Italy	Europe	1987	76	56729703	19207
Italy	Europe	1992	77	56840847	22013
Italy	Europe	1997	78	57479469	24675
Italy	Europe	2002	80	57926999	27968
Italy	Europe	2007	80	58147733	28569
Jamaica	Americas	1952	58	1426095	2898
Jamaica	Americas	1957	62	1535090	4756
Jamaica	Americas	1962	65	1665128	5246
Jamaica	Americas	1967	67	1861096	6124
Jamaica	Americas	1972	69	1997616	7433
Jamaica	Americas	1977	70	2156814	6650
Jamaica	Americas	1982	71	2298309	6068
Jamaica	Americas	1987	71	2326606	6351
Jamaica	Americas	1992	71	2378618	7404
Jamaica	Americas	1997	72	2531311	7121
Jamaica	Americas	2002	72	2664659	6994
Jamaica	Americas	2007	72	2780132	7320
Japan	Asia	1952	63	86459025	3216
Japan	Asia	1957	65	91563009	4317
Japan	Asia	1962	68	95831757	6576
Japan	Asia	1967	71	100825279	9847
Japan	Asia	1972	73	107188273	14778
Japan	Asia	1977	75	113872473	16610
Japan	Asia	1982	77	118454974	19384
Japan	Asia	1987	78	122091325	22375
Japan	Asia	1992	79	124329269	26824
Japan	Asia	1997	80	125956499	28816
Japan	Asia	2002	82	127065841	28604
Japan	Asia	2007	82	127467972	31656
Jordan	Asia	1952	43	607914	1546
Jordan	Asia	1957	45	746559	1886
Jordan	Asia	1962	48	933559	2348
Jordan	Asia	1967	51	1255058	2741
Jordan	Asia	1972	56	1613551	2110
Jordan	Asia	1977	61	1937652	2852
Jordan	Asia	1982	63	2347031	4161
Jordan	Asia	1987	65	2820042	4448
Jordan	Asia	1992	68	3867409	3431
Jordan	Asia	1997	69	4526235	3645
Jordan	Asia	2002	71	5307470	3844
Jordan	Asia	2007	72	6053193	4519
Kenya	Africa	1952	42	6464046	853
Kenya	Africa	1957	44	7454779	944
Kenya	Africa	1962	47	8678557	896
Kenya	Africa	1967	50	10191512	1056
Kenya	Africa	1972	53	12044785	1222
Kenya	Africa	1977	56	14500404	1267
Kenya	Africa	1982	58	17661452	1348
Kenya	Africa	1987	59	21198082	1361
Kenya	Africa	1992	59	25020539	1341
Kenya	Africa	1997	54	28263827	1360
Kenya	Africa	2002	50	31386842	1287
Kenya	Africa	2007	54	35610177	1463
Korea, Dem. Rep.	Asia	1952	50	8865488	1088
Korea, Dem. Rep.	Asia	1957	54	9411381	1571
Korea, Dem. Rep.	Asia	1962	56	10917494	1621
Korea, Dem. Rep.	Asia	1967	59	12617009	2143
Korea, Dem. Rep.	Asia	1972	63	14781241	3701
Korea, Dem. Rep.	Asia	1977	67	16325320	4106
Korea, Dem. Rep.	Asia	1982	69	17647518	4106
Korea, Dem. Rep.	Asia	1987	70	19067554	4106
Korea, Dem. Rep.	Asia	1992	69	20711375	3726
Korea, Dem. Rep.	Asia	1997	67	21585105	1690
Korea, Dem. Rep.	Asia	2002	66	22215365	1646
Korea, Dem. Rep.	Asia	2007	67	23301725	1593
Korea, Rep.	Asia	1952	47	20947571	1030
Korea, Rep.	Asia	1957	52	22611552	1487
Korea, Rep.	Asia	1962	55	26420307	1536
Korea, Rep.	Asia	1967	57	30131000	2029
Korea, Rep.	Asia	1972	62	33505000	3030
Korea, Rep.	Asia	1977	64	36436000	4657
Korea, Rep.	Asia	1982	67	39326000	5622
Korea, Rep.	Asia	1987	69	41622000	8533
Korea, Rep.	Asia	1992	72	43805450	12104
Korea, Rep.	Asia	1997	74	46173816	15993
Korea, Rep.	Asia	2002	77	47969150	19233
Korea, Rep.	Asia	2007	78	49044790	23348
Kuwait	Asia	1952	55	160000	108382
Kuwait	Asia	1957	58	212846	113523
Kuwait	Asia	1962	60	358266	95458
Kuwait	Asia	1967	64	575003	80894
Kuwait	Asia	1972	67	841934	109347
Kuwait	Asia	1977	69	1140357	59265
Kuwait	Asia	1982	71	1497494	31354
Kuwait	Asia	1987	74	1891487	28118
Kuwait	Asia	1992	75	1418095	34932
Kuwait	Asia	1997	76	1765345	40300
Kuwait	Asia	2002	76	2111561	35110
Kuwait	Asia	2007	77	2505559	47306
Lebanon	Asia	1952	55	1439529	4834
Lebanon	Asia	1957	59	1647412	6089
Lebanon	Asia	1962	62	1886848	5714
Lebanon	Asia	1967	63	2186894	6006
Lebanon	Asia	1972	65	2680018	7486
Lebanon	Asia	1977	66	3115787	8659
Lebanon	Asia	1982	66	3086876	7640
Lebanon	Asia	1987	67	3089353	5377
Lebanon	Asia	1992	69	3219994	6890
Lebanon	Asia	1997	70	3430388	8754
Lebanon	Asia	2002	71	3677780	9313
Lebanon	Asia	2007	71	3921278	10461
Lesotho	Africa	1952	42	748747	298
Lesotho	Africa	1957	45	813338	335
Lesotho	Africa	1962	47	893143	411
Lesotho	Africa	1967	48	996380	498
Lesotho	Africa	1972	49	1116779	496
Lesotho	Africa	1977	52	1251524	745
Lesotho	Africa	1982	55	1411807	797
Lesotho	Africa	1987	57	1599200	773
Lesotho	Africa	1992	59	1803195	977
Lesotho	Africa	1997	55	1982823	1186
Lesotho	Africa	2002	44	2046772	1275
Lesotho	Africa	2007	42	2012649	1569
Liberia	Africa	1952	38	863308	575
Liberia	Africa	1957	39	975950	620
Liberia	Africa	1962	40	1112796	634
Liberia	Africa	1967	41	1279406	713
Liberia	Africa	1972	42	1482628	803
Liberia	Africa	1977	43	1703617	640
Liberia	Africa	1982	44	1956875	572
Liberia	Africa	1987	46	2269414	506
Liberia	Africa	1992	40	1912974	636
Liberia	Africa	1997	42	2200725	609
Liberia	Africa	2002	43	2814651	531
Liberia	Africa	2007	45	3193942	414
Libya	Africa	1952	42	1019729	2387
Libya	Africa	1957	45	1201578	3448
Libya	Africa	1962	47	1441863	6757
Libya	Africa	1967	50	1759224	18772
Libya	Africa	1972	52	2183877	21011
Libya	Africa	1977	57	2721783	21951
Libya	Africa	1982	62	3344074	17364
Libya	Africa	1987	66	3799845	11770
Libya	Africa	1992	68	4364501	9640
Libya	Africa	1997	71	4759670	9467
Libya	Africa	2002	72	5368585	9534
Libya	Africa	2007	73	6036914	12057
Madagascar	Africa	1952	36	4762912	1443
Madagascar	Africa	1957	38	5181679	1589
Madagascar	Africa	1962	40	5703324	1643
Madagascar	Africa	1967	42	6334556	1634
Madagascar	Africa	1972	44	7082430	1748
Madagascar	Africa	1977	46	8007166	1544
Madagascar	Africa	1982	48	9171477	1302
Madagascar	Africa	1987	49	10568642	1155
Madagascar	Africa	1992	52	12210395	1040
Madagascar	Africa	1997	54	14165114	986
Madagascar	Africa	2002	57	16473477	894
Madagascar	Africa	2007	59	19167654	1044
Malawi	Africa	1952	36	2917802	369
Malawi	Africa	1957	37	3221238	416
Malawi	Africa	1962	38	3628608	427
Malawi	Africa	1967	39	4147252	495
Malawi	Africa	1972	41	4730997	584
Malawi	Africa	1977	43	5637246	663
Malawi	Africa	1982	45	6502825	632
Malawi	Africa	1987	47	7824747	635
Malawi	Africa	1992	49	10014249	563
Malawi	Africa	1997	47	10419991	692
Malawi	Africa	2002	45	11824495	665
Malawi	Africa	2007	48	13327079	759
Malaysia	Asia	1952	48	6748378	1831
Malaysia	Asia	1957	52	7739235	1810
Malaysia	Asia	1962	55	8906385	2036
Malaysia	Asia	1967	59	10154878	2277
Malaysia	Asia	1972	63	11441462	2849
Malaysia	Asia	1977	65	12845381	3827
Malaysia	Asia	1982	68	14441916	4920
Malaysia	Asia	1987	69	16331785	5249
Malaysia	Asia	1992	70	18319502	7277
Malaysia	Asia	1997	71	20476091	10132
Malaysia	Asia	2002	73	22662365	10206
Malaysia	Asia	2007	74	24821286	12451
Mali	Africa	1952	33	3838168	452
Mali	Africa	1957	35	4241884	490
Mali	Africa	1962	36	4690372	496
Mali	Africa	1967	38	5212416	545
Mali	Africa	1972	39	5828158	581
Mali	Africa	1977	41	6491649	686
Mali	Africa	1982	43	6998256	618
Mali	Africa	1987	46	7634008	684
Mali	Africa	1992	48	8416215	739
Mali	Africa	1997	49	9384984	790
Mali	Africa	2002	51	10580176	951
Mali	Africa	2007	54	12031795	1042
Mauritania	Africa	1952	40	1022556	743
Mauritania	Africa	1957	42	1076852	846
Mauritania	Africa	1962	44	1146757	1055
Mauritania	Africa	1967	46	1230542	1421
Mauritania	Africa	1972	48	1332786	1586
Mauritania	Africa	1977	50	1456688	1497
Mauritania	Africa	1982	53	1622136	1481
Mauritania	Africa	1987	56	1841240	1421
Mauritania	Africa	1992	58	2119465	1361
Mauritania	Africa	1997	60	2444741	1483
Mauritania	Africa	2002	62	2828858	1579
Mauritania	Africa	2007	64	3270065	1803
Mauritius	Africa	1952	50	516556	1967
Mauritius	Africa	1957	58	609816	2034
Mauritius	Africa	1962	60	701016	2529
Mauritius	Africa	1967	61	789309	2475
Mauritius	Africa	1972	62	851334	2575
Mauritius	Africa	1977	64	913025	3710
Mauritius	Africa	1982	66	992040	3688
Mauritius	Africa	1987	68	1042663	4783
Mauritius	Africa	1992	69	1096202	6058
Mauritius	Africa	1997	70	1149818	7425
Mauritius	Africa	2002	71	1200206	9021
Mauritius	Africa	2007	72	1250882	10956
Mexico	Americas	1952	50	30144317	3478
Mexico	Americas	1957	55	35015548	4131
Mexico	Americas	1962	58	41121485	4581
Mexico	Americas	1967	60	47995559	5754
Mexico	Americas	1972	62	55984294	6809
Mexico	Americas	1977	65	63759976	7674
Mexico	Americas	1982	67	71640904	9611
Mexico	Americas	1987	69	80122492	8688
Mexico	Americas	1992	71	88111030	9472
Mexico	Americas	1997	73	95895146	9767
Mexico	Americas	2002	74	102479927	10742
Mexico	Americas	2007	76	108700891	11977
Mongolia	Asia	1952	42	800663	786
Mongolia	Asia	1957	45	882134	912
Mongolia	Asia	1962	48	1010280	1056
Mongolia	Asia	1967	51	1149500	1226
Mongolia	Asia	1972	53	1320500	1421
Mongolia	Asia	1977	55	1528000	1647
Mongolia	Asia	1982	57	1756032	2000
Mongolia	Asia	1987	60	2015133	2338
Mongolia	Asia	1992	61	2312802	1785
Mongolia	Asia	1997	63	2494803	1902
Mongolia	Asia	2002	65	2674234	2140
Mongolia	Asia	2007	66	2874127	3095
Montenegro	Europe	1952	59	413834	2647
Montenegro	Europe	1957	61	442829	3682
Montenegro	Europe	1962	63	474528	4649
Montenegro	Europe	1967	67	501035	5907
Montenegro	Europe	1972	70	527678	7778
Montenegro	Europe	1977	73	560073	9595
Montenegro	Europe	1982	74	562548	11222
Montenegro	Europe	1987	74	569473	11732
Montenegro	Europe	1992	75	621621	7003
Montenegro	Europe	1997	75	692651	6465
Montenegro	Europe	2002	73	720230	6557
Montenegro	Europe	2007	74	684736	9253
Morocco	Africa	1952	42	9939217	1688
Morocco	Africa	1957	45	11406350	1642
Morocco	Africa	1962	47	13056604	1566
Morocco	Africa	1967	50	14770296	1711
Morocco	Africa	1972	52	16660670	1930
Morocco	Africa	1977	55	18396941	2370
Morocco	Africa	1982	59	20198730	2702
Morocco	Africa	1987	62	22987397	2755
Morocco	Africa	1992	65	25798239	2948
Morocco	Africa	1997	67	28529501	2982
Morocco	Africa	2002	69	31167783	3258
Morocco	Africa	2007	71	33757175	3820
Mozambique	Africa	1952	31	6446316	468
Mozambique	Africa	1957	33	7038035	495
Mozambique	Africa	1962	36	7788944	556
Mozambique	Africa	1967	38	8680909	566
Mozambique	Africa	1972	40	9809596	724
Mozambique	Africa	1977	42	11127868	502
Mozambique	Africa	1982	42	12587223	462
Mozambique	Africa	1987	42	12891952	389
Mozambique	Africa	1992	44	13160731	410
Mozambique	Africa	1997	46	16603334	472
Mozambique	Africa	2002	44	18473780	633
Mozambique	Africa	2007	42	19951656	823
Myanmar	Asia	1952	36	20092996	331
Myanmar	Asia	1957	41	21731844	350
Myanmar	Asia	1962	45	23634436	388
Myanmar	Asia	1967	49	25870271	349
Myanmar	Asia	1972	53	28466390	357
Myanmar	Asia	1977	56	31528087	371
Myanmar	Asia	1982	58	34680442	424
Myanmar	Asia	1987	58	38028578	385
Myanmar	Asia	1992	59	40546538	347
Myanmar	Asia	1997	60	43247867	415
Myanmar	Asia	2002	59	45598081	611
Myanmar	Asia	2007	62	47761980	944
Namibia	Africa	1952	41	485831	2423
Namibia	Africa	1957	45	548080	2621
Namibia	Africa	1962	48	621392	3173
Namibia	Africa	1967	51	706640	3793
Namibia	Africa	1972	53	821782	3746
Namibia	Africa	1977	56	977026	3876
Namibia	Africa	1982	58	1099010	4191
Namibia	Africa	1987	60	1278184	3693
Namibia	Africa	1992	61	1554253	3804
Namibia	Africa	1997	58	1774766	3899
Namibia	Africa	2002	51	1972153	4072
Namibia	Africa	2007	52	2055080	4811
Nepal	Asia	1952	36	9182536	545
Nepal	Asia	1957	37	9682338	597
Nepal	Asia	1962	39	10332057	652
Nepal	Asia	1967	41	11261690	676
Nepal	Asia	1972	43	12412593	674
Nepal	Asia	1977	46	13933198	694
Nepal	Asia	1982	49	15796314	718
Nepal	Asia	1987	52	17917180	775
Nepal	Asia	1992	55	20326209	897
Nepal	Asia	1997	59	23001113	1010
Nepal	Asia	2002	61	25873917	1057
Nepal	Asia	2007	63	28901790	1091
Netherlands	Europe	1952	72	10381988	8941
Netherlands	Europe	1957	72	11026383	11276
Netherlands	Europe	1962	73	11805689	12790
Netherlands	Europe	1967	73	12596822	15363
Netherlands	Europe	1972	73	13329874	18794
Netherlands	Europe	1977	75	13852989	21209
Netherlands	Europe	1982	76	14310401	21399
Netherlands	Europe	1987	76	14665278	23651
Netherlands	Europe	1992	77	15174244	26790
Netherlands	Europe	1997	78	15604464	30246
Netherlands	Europe	2002	78	16122830	33724
Netherlands	Europe	2007	79	16570613	36797
New Zealand	Oceania	1952	69	1994794	10556
New Zealand	Oceania	1957	70	2229407	12247
New Zealand	Oceania	1962	71	2488550	13175
New Zealand	Oceania	1967	71	2728150	14463
New Zealand	Oceania	1972	71	2929100	16046
New Zealand	Oceania	1977	72	3164900	16233
New Zealand	Oceania	1982	73	3210650	17632
New Zealand	Oceania	1987	74	3317166	19007
New Zealand	Oceania	1992	76	3437674	18363
New Zealand	Oceania	1997	77	3676187	21050
New Zealand	Oceania	2002	79	3908037	23189
New Zealand	Oceania	2007	80	4115771	25185
Nicaragua	Americas	1952	42	1165790	3112
Nicaragua	Americas	1957	45	1358828	3457
Nicaragua	Americas	1962	48	1590597	3634
Nicaragua	Americas	1967	51	1865490	4643
Nicaragua	Americas	1972	55	2182908	4688
Nicaragua	Americas	1977	57	2554598	5486
Nicaragua	Americas	1982	59	2979423	3470
Nicaragua	Americas	1987	62	3344353	2955
Nicaragua	Americas	1992	65	4017939	2170
Nicaragua	Americas	1997	68	4609572	2253
Nicaragua	Americas	2002	70	5146848	2474
Nicaragua	Americas	2007	72	5675356	2749
Niger	Africa	1952	37	3379468	761
Niger	Africa	1957	38	3692184	835
Niger	Africa	1962	39	4076008	997
Niger	Africa	1967	40	4534062	1054
Niger	Africa	1972	40	5060262	954
Niger	Africa	1977	41	5682086	808
Niger	Africa	1982	42	6437188	909
Niger	Africa	1987	44	7332638	668
Niger	Africa	1992	47	8392818	581
Niger	Africa	1997	51	9666252	580
Niger	Africa	2002	54	11140655	601
Niger	Africa	2007	56	12894865	619
Nigeria	Africa	1952	36	33119096	1077
Nigeria	Africa	1957	37	37173340	1100
Nigeria	Africa	1962	39	41871351	1150
Nigeria	Africa	1967	41	47287752	1014
Nigeria	Africa	1972	42	53740085	1698
Nigeria	Africa	1977	44	62209173	1981
Nigeria	Africa	1982	45	73039376	1576
Nigeria	Africa	1987	46	81551520	1385
Nigeria	Africa	1992	47	93364244	1619
Nigeria	Africa	1997	47	106207839	1624
Nigeria	Africa	2002	46	119901274	1615
Nigeria	Africa	2007	46	135031164	2013
Norway	Europe	1952	72	3327728	10095
Norway	Europe	1957	73	3491938	11653
Norway	Europe	1962	73	3638919	13450
Norway	Europe	1967	74	3786019	16361
Norway	Europe	1972	74	3933004	18965
Norway	Europe	1977	75	4043205	23311
Norway	Europe	1982	75	4114787	26298
Norway	Europe	1987	75	4186147	31540
Norway	Europe	1992	77	4286357	33965
Norway	Europe	1997	78	4405672	41283
Norway	Europe	2002	79	4535591	44683
Norway	Europe	2007	80	4627926	49357
Oman	Asia	1952	37	507833	1828
Oman	Asia	1957	40	561977	2242
Oman	Asia	1962	43	628164	2924
Oman	Asia	1967	46	714775	4720
Oman	Asia	1972	52	829050	10618
Oman	Asia	1977	57	1004533	11848
Oman	Asia	1982	62	1301048	12954
Oman	Asia	1987	67	1593882	18115
Oman	Asia	1992	71	1915208	18616
Oman	Asia	1997	72	2283635	19702
Oman	Asia	2002	74	2713462	19774
Oman	Asia	2007	75	3204897	22316
Pakistan	Asia	1952	43	41346560	684
Pakistan	Asia	1957	45	46679944	747
Pakistan	Asia	1962	47	53100671	803
Pakistan	Asia	1967	49	60641899	942
Pakistan	Asia	1972	51	69325921	1049
Pakistan	Asia	1977	54	78152686	1175
Pakistan	Asia	1982	56	91462088	1443
Pakistan	Asia	1987	58	105186881	1704
Pakistan	Asia	1992	60	120065004	1971
Pakistan	Asia	1997	61	135564834	2049
Pakistan	Asia	2002	63	153403524	2092
Pakistan	Asia	2007	65	169270617	2605
Panama	Americas	1952	55	940080	2480
Panama	Americas	1957	59	1063506	2961
Panama	Americas	1962	61	1215725	3536
Panama	Americas	1967	64	1405486	4421
Panama	Americas	1972	66	1616384	5364
Panama	Americas	1977	68	1839782	5351
Panama	Americas	1982	70	2036305	7009
Panama	Americas	1987	71	2253639	7034
Panama	Americas	1992	72	2484997	6618
Panama	Americas	1997	73	2734531	7113
Panama	Americas	2002	74	2990875	7356
Panama	Americas	2007	75	3242173	9809
Paraguay	Americas	1952	62	1555876	1952
Paraguay	Americas	1957	63	1770902	2046
Paraguay	Americas	1962	64	2009813	2148
Paraguay	Americas	1967	64	2287985	2299
Paraguay	Americas	1972	65	2614104	2523
Paraguay	Americas	1977	66	2984494	3248
Paraguay	Americas	1982	66	3366439	4258
Paraguay	Americas	1987	67	3886512	3998
Paraguay	Americas	1992	68	4483945	4196
Paraguay	Americas	1997	69	5154123	4247
Paraguay	Americas	2002	70	5884491	3783
Paraguay	Americas	2007	71	6667147	4172
Peru	Americas	1952	43	8025700	3758
Peru	Americas	1957	46	9146100	4245
Peru	Americas	1962	49	10516500	4957
Peru	Americas	1967	51	12132200	5788
Peru	Americas	1972	55	13954700	5937
Peru	Americas	1977	58	15990099	6281
Peru	Americas	1982	61	18125129	6434
Peru	Americas	1987	64	20195924	6360
Peru	Americas	1992	66	22430449	4446
Peru	Americas	1997	68	24748122	5838
Peru	Americas	2002	69	26769436	5909
Peru	Americas	2007	71	28674757	7408
Philippines	Asia	1952	47	22438691	1272
Philippines	Asia	1957	51	26072194	1547
Philippines	Asia	1962	54	30325264	1649
Philippines	Asia	1967	56	35356600	1814
Philippines	Asia	1972	58	40850141	1989
Philippines	Asia	1977	60	46850962	2373
Philippines	Asia	1982	62	53456774	2603
Philippines	Asia	1987	64	60017788	2189
Philippines	Asia	1992	66	67185766	2279
Philippines	Asia	1997	68	75012988	2536
Philippines	Asia	2002	70	82995088	2650
Philippines	Asia	2007	71	91077287	3190
Poland	Europe	1952	61	25730551	4029
Poland	Europe	1957	65	28235346	4734
Poland	Europe	1962	67	30329617	5338
Poland	Europe	1967	69	31785378	6557
Poland	Europe	1972	70	33039545	8006
Poland	Europe	1977	70	34621254	9508
Poland	Europe	1982	71	36227381	8451
Poland	Europe	1987	70	37740710	9082
Poland	Europe	1992	70	38370697	7738
Poland	Europe	1997	72	38654957	10159
Poland	Europe	2002	74	38625976	12002
Poland	Europe	2007	75	38518241	15389
Portugal	Europe	1952	59	8526050	3068
Portugal	Europe	1957	61	8817650	3774
Portugal	Europe	1962	64	9019800	4727
Portugal	Europe	1967	66	9103000	6361
Portugal	Europe	1972	69	8970450	9022
Portugal	Europe	1977	70	9662600	10172
Portugal	Europe	1982	72	9859650	11753
Portugal	Europe	1987	74	9915289	13039
Portugal	Europe	1992	74	9927680	16207
Portugal	Europe	1997	75	10156415	17641
Portugal	Europe	2002	77	10433867	19970
Portugal	Europe	2007	78	10642836	20509
Puerto Rico	Americas	1952	64	2227000	3081
Puerto Rico	Americas	1957	68	2260000	3907
Puerto Rico	Americas	1962	69	2448046	5108
Puerto Rico	Americas	1967	71	2648961	6929
Puerto Rico	Americas	1972	72	2847132	9123
Puerto Rico	Americas	1977	73	3080828	9770
Puerto Rico	Americas	1982	73	3279001	10330
Puerto Rico	Americas	1987	74	3444468	12281
Puerto Rico	Americas	1992	73	3585176	14641
Puerto Rico	Americas	1997	74	3759430	16999
Puerto Rico	Americas	2002	77	3859606	18855
Puerto Rico	Americas	2007	78	3942491	19328
Reunion	Africa	1952	52	257700	2718
Reunion	Africa	1957	55	308700	2769
Reunion	Africa	1962	57	358900	3173
Reunion	Africa	1967	60	414024	4021
Reunion	Africa	1972	64	461633	5047
Reunion	Africa	1977	67	492095	4319
Reunion	Africa	1982	69	517810	5267
Reunion	Africa	1987	71	562035	5303
Reunion	Africa	1992	73	622191	6101
Reunion	Africa	1997	74	684810	6071
Reunion	Africa	2002	75	743981	6316
Reunion	Africa	2007	76	798094	7670
Romania	Europe	1952	61	16630000	3144
Romania	Europe	1957	64	17829327	3943
Romania	Europe	1962	66	18680721	4734
Romania	Europe	1967	66	19284814	6470
Romania	Europe	1972	69	20662648	8011
Romania	Europe	1977	69	21658597	9356
Romania	Europe	1982	69	22356726	9605
Romania	Europe	1987	69	22686371	9696
Romania	Europe	1992	69	22797027	6598
Romania	Europe	1997	69	22562458	7346
Romania	Europe	2002	71	22404337	7885
Romania	Europe	2007	72	22276056	10808
Rwanda	Africa	1952	40	2534927	493
Rwanda	Africa	1957	41	2822082	540
Rwanda	Africa	1962	43	3051242	597
Rwanda	Africa	1967	44	3451079	510
Rwanda	Africa	1972	44	3992121	590
Rwanda	Africa	1977	45	4657072	670
Rwanda	Africa	1982	46	5507565	881
Rwanda	Africa	1987	44	6349365	847
Rwanda	Africa	1992	23	7290203	737
Rwanda	Africa	1997	36	7212583	589
Rwanda	Africa	2002	43	7852401	785
Rwanda	Africa	2007	46	8860588	863
Sao Tome and Principe	Africa	1952	46	60011	879
Sao Tome and Principe	Africa	1957	48	61325	860
Sao Tome and Principe	Africa	1962	51	65345	1071
Sao Tome and Principe	Africa	1967	54	70787	1384
Sao Tome and Principe	Africa	1972	56	76595	1532
Sao Tome and Principe	Africa	1977	58	86796	1737
Sao Tome and Principe	Africa	1982	60	98593	1890
Sao Tome and Principe	Africa	1987	61	110812	1516
Sao Tome and Principe	Africa	1992	62	125911	1428
Sao Tome and Principe	Africa	1997	63	145608	1339
Sao Tome and Principe	Africa	2002	64	170372	1353
Sao Tome and Principe	Africa	2007	65	199579	1598
Saudi Arabia	Asia	1952	39	4005677	6459
Saudi Arabia	Asia	1957	42	4419650	8157
Saudi Arabia	Asia	1962	45	4943029	11626
Saudi Arabia	Asia	1967	49	5618198	16903
Saudi Arabia	Asia	1972	53	6472756	24837
Saudi Arabia	Asia	1977	58	8128505	34167
Saudi Arabia	Asia	1982	63	11254672	33693
Saudi Arabia	Asia	1987	66	14619745	21198
Saudi Arabia	Asia	1992	68	16945857	24841
Saudi Arabia	Asia	1997	70	21229759	20586
Saudi Arabia	Asia	2002	71	24501530	19014
Saudi Arabia	Asia	2007	72	27601038	21654
Senegal	Africa	1952	37	2755589	1450
Senegal	Africa	1957	39	3054547	1567
Senegal	Africa	1962	41	3430243	1654
Senegal	Africa	1967	43	3965841	1612
Senegal	Africa	1972	45	4588696	1597
Senegal	Africa	1977	48	5260855	1561
Senegal	Africa	1982	52	6147783	1518
Senegal	Africa	1987	55	7171347	1441
Senegal	Africa	1992	58	8307920	1367
Senegal	Africa	1997	60	9535314	1392
Senegal	Africa	2002	61	10870037	1519
Senegal	Africa	2007	63	12267493	1712
Serbia	Europe	1952	57	6860147	3581
Serbia	Europe	1957	61	7271135	4981
Serbia	Europe	1962	64	7616060	6289
Serbia	Europe	1967	66	7971222	7991
Serbia	Europe	1972	68	8313288	10522
Serbia	Europe	1977	70	8686367	12980
Serbia	Europe	1982	70	9032824	15181
Serbia	Europe	1987	71	9230783	15870
Serbia	Europe	1992	71	9826397	9325
Serbia	Europe	1997	72	10336594	7914
Serbia	Europe	2002	73	10111559	7236
Serbia	Europe	2007	74	10150265	9786
Sierra Leone	Africa	1952	30	2143249	879
Sierra Leone	Africa	1957	31	2295678	1004
Sierra Leone	Africa	1962	32	2467895	1116
Sierra Leone	Africa	1967	34	2662190	1206
Sierra Leone	Africa	1972	35	2879013	1353
Sierra Leone	Africa	1977	36	3140897	1348
Sierra Leone	Africa	1982	38	3464522	1465
Sierra Leone	Africa	1987	40	3868905	1294
Sierra Leone	Africa	1992	38	4260884	1068
Sierra Leone	Africa	1997	39	4578212	574
Sierra Leone	Africa	2002	41	5359092	699
Sierra Leone	Africa	2007	42	6144562	862
Singapore	Asia	1952	60	1127000	2315
Singapore	Asia	1957	63	1445929	2843
Singapore	Asia	1962	65	1750200	3674
Singapore	Asia	1967	67	1977600	4977
Singapore	Asia	1972	69	2152400	8597
Singapore	Asia	1977	70	2325300	11210
Singapore	Asia	1982	71	2651869	15169
Singapore	Asia	1987	73	2794552	18861
Singapore	Asia	1992	75	3235865	24769
Singapore	Asia	1997	77	3802309	33519
Singapore	Asia	2002	78	4197776	36023
Singapore	Asia	2007	79	4553009	47143
Slovak Republic	Europe	1952	64	3558137	5074
Slovak Republic	Europe	1957	67	3844277	6093
Slovak Republic	Europe	1962	70	4237384	7481
Slovak Republic	Europe	1967	70	4442238	8412
Slovak Republic	Europe	1972	70	4593433	9674
Slovak Republic	Europe	1977	70	4827803	10922
Slovak Republic	Europe	1982	70	5048043	11348
Slovak Republic	Europe	1987	71	5199318	12037
Slovak Republic	Europe	1992	71	5302888	9498
Slovak Republic	Europe	1997	72	5383010	12126
Slovak Republic	Europe	2002	73	5410052	13638
Slovak Republic	Europe	2007	74	5447502	18678
Slovenia	Europe	1952	65	1489518	4215
Slovenia	Europe	1957	67	1533070	5862
Slovenia	Europe	1962	69	1582962	7402
Slovenia	Europe	1967	69	1646912	9405
Slovenia	Europe	1972	69	1694510	12383
Slovenia	Europe	1977	70	1746919	15277
Slovenia	Europe	1982	71	1861252	17866
Slovenia	Europe	1987	72	1945870	18678
Slovenia	Europe	1992	73	1999210	14214
Slovenia	Europe	1997	75	2011612	17161
Slovenia	Europe	2002	76	2011497	20660
Slovenia	Europe	2007	77	2009245	25768
Somalia	Africa	1952	32	2526994	1135
Somalia	Africa	1957	34	2780415	1258
Somalia	Africa	1962	36	3080153	1369
Somalia	Africa	1967	38	3428839	1284
Somalia	Africa	1972	40	3840161	1254
Somalia	Africa	1977	41	4353666	1450
Somalia	Africa	1982	42	5828892	1176
Somalia	Africa	1987	44	6921858	1093
Somalia	Africa	1992	39	6099799	926
Somalia	Africa	1997	43	6633514	930
Somalia	Africa	2002	45	7753310	882
Somalia	Africa	2007	48	9118773	926
South Africa	Africa	1952	45	14264935	4725
South Africa	Africa	1957	47	16151549	5487
South Africa	Africa	1962	49	18356657	5768
South Africa	Africa	1967	51	20997321	7114
South Africa	Africa	1972	53	23935810	7765
South Africa	Africa	1977	55	27129932	8028
South Africa	Africa	1982	58	31140029	8568
South Africa	Africa	1987	60	35933379	7825
South Africa	Africa	1992	61	39964159	7225
South Africa	Africa	1997	60	42835005	7479
South Africa	Africa	2002	53	44433622	7710
South Africa	Africa	2007	49	43997828	9269
Spain	Europe	1952	64	28549870	3834
Spain	Europe	1957	66	29841614	4564
Spain	Europe	1962	69	31158061	5693
Spain	Europe	1967	71	32850275	7993
Spain	Europe	1972	73	34513161	10638
Spain	Europe	1977	74	36439000	13236
Spain	Europe	1982	76	37983310	13926
Spain	Europe	1987	76	38880702	15764
Spain	Europe	1992	77	39549438	18603
Spain	Europe	1997	78	39855442	20445
Spain	Europe	2002	79	40152517	24835
Spain	Europe	2007	80	40448191	28821
Sri Lanka	Asia	1952	57	7982342	1083
Sri Lanka	Asia	1957	61	9128546	1072
Sri Lanka	Asia	1962	62	10421936	1074
Sri Lanka	Asia	1967	64	11737396	1135
Sri Lanka	Asia	1972	65	13016733	1213
Sri Lanka	Asia	1977	65	14116836	1348
Sri Lanka	Asia	1982	68	15410151	1648
Sri Lanka	Asia	1987	69	16495304	1876
Sri Lanka	Asia	1992	70	17587060	2153
Sri Lanka	Asia	1997	70	18698655	2664
Sri Lanka	Asia	2002	70	19576783	3015
Sri Lanka	Asia	2007	72	20378239	3970
Sudan	Africa	1952	38	8504667	1615
Sudan	Africa	1957	39	9753392	1770
Sudan	Africa	1962	40	11183227	1959
Sudan	Africa	1967	42	12716129	1687
Sudan	Africa	1972	45	14597019	1659
Sudan	Africa	1977	47	17104986	2202
Sudan	Africa	1982	50	20367053	1895
Sudan	Africa	1987	51	24725960	1507
Sudan	Africa	1992	53	28227588	1492
Sudan	Africa	1997	55	32160729	1632
Sudan	Africa	2002	56	37090298	1993
Sudan	Africa	2007	58	42292929	2602
Swaziland	Africa	1952	41	290243	1148
Swaziland	Africa	1957	43	326741	1244
Swaziland	Africa	1962	44	370006	1856
Swaziland	Africa	1967	46	420690	2613
Swaziland	Africa	1972	49	480105	3364
Swaziland	Africa	1977	52	551425	3781
Swaziland	Africa	1982	55	649901	3895
Swaziland	Africa	1987	57	779348	3984
Swaziland	Africa	1992	58	962344	3553
Swaziland	Africa	1997	54	1054486	3876
Swaziland	Africa	2002	43	1130269	4128
Swaziland	Africa	2007	39	1133066	4513
Sweden	Europe	1952	71	7124673	8527
Sweden	Europe	1957	72	7363802	9911
Sweden	Europe	1962	73	7561588	12329
Sweden	Europe	1967	74	7867931	15258
Sweden	Europe	1972	74	8122293	17832
Sweden	Europe	1977	75	8251648	18855
Sweden	Europe	1982	76	8325260	20667
Sweden	Europe	1987	77	8421403	23586
Sweden	Europe	1992	78	8718867	23880
Sweden	Europe	1997	79	8897619	25266
Sweden	Europe	2002	80	8954175	29341
Sweden	Europe	2007	80	9031088	33859
Switzerland	Europe	1952	69	4815000	14734
Switzerland	Europe	1957	70	5126000	17909
Switzerland	Europe	1962	71	5666000	20431
Switzerland	Europe	1967	72	6063000	22966
Switzerland	Europe	1972	73	6401400	27195
Switzerland	Europe	1977	75	6316424	26982
Switzerland	Europe	1982	76	6468126	28397
Switzerland	Europe	1987	77	6649942	30281
Switzerland	Europe	1992	78	6995447	31871
Switzerland	Europe	1997	79	7193761	32135
Switzerland	Europe	2002	80	7361757	34480
Switzerland	Europe	2007	81	7554661	37506
Syria	Asia	1952	45	3661549	1643
Syria	Asia	1957	48	4149908	2117
Syria	Asia	1962	50	4834621	2193
Syria	Asia	1967	53	5680812	1881
Syria	Asia	1972	57	6701172	2571
Syria	Asia	1977	61	7932503	3195
Syria	Asia	1982	64	9410494	3761
Syria	Asia	1987	66	11242847	3116
Syria	Asia	1992	69	13219062	3340
Syria	Asia	1997	71	15081016	4014
Syria	Asia	2002	73	17155814	4090
Syria	Asia	2007	74	19314747	4184
Taiwan	Asia	1952	58	8550362	1206
Taiwan	Asia	1957	62	10164215	1507
Taiwan	Asia	1962	65	11918938	1822
Taiwan	Asia	1967	67	13648692	2643
Taiwan	Asia	1972	69	15226039	4062
Taiwan	Asia	1977	70	16785196	5596
Taiwan	Asia	1982	72	18501390	7426
Taiwan	Asia	1987	73	19757799	11054
Taiwan	Asia	1992	74	20686918	15215
Taiwan	Asia	1997	75	21628605	20206
Taiwan	Asia	2002	76	22454239	23235
Taiwan	Asia	2007	78	23174294	28718
Tanzania	Africa	1952	41	8322925	716
Tanzania	Africa	1957	42	9452826	698
Tanzania	Africa	1962	44	10863958	722
Tanzania	Africa	1967	45	12607312	848
Tanzania	Africa	1972	47	14706593	915
Tanzania	Africa	1977	49	17129565	962
Tanzania	Africa	1982	50	19844382	874
Tanzania	Africa	1987	51	23040630	831
Tanzania	Africa	1992	50	26605473	825
Tanzania	Africa	1997	48	30686889	789
Tanzania	Africa	2002	49	34593779	899
Tanzania	Africa	2007	52	38139640	1107
Thailand	Asia	1952	50	21289402	757
Thailand	Asia	1957	53	25041917	793
Thailand	Asia	1962	56	29263397	1002
Thailand	Asia	1967	58	34024249	1295
Thailand	Asia	1972	60	39276153	1524
Thailand	Asia	1977	62	44148285	1961
Thailand	Asia	1982	64	48827160	2393
Thailand	Asia	1987	66	52910342	2982
Thailand	Asia	1992	67	56667095	4616
Thailand	Asia	1997	67	60216677	5852
Thailand	Asia	2002	68	62806748	5913
Thailand	Asia	2007	70	65068149	7458
Togo	Africa	1952	38	1219113	859
Togo	Africa	1957	41	1357445	925
Togo	Africa	1962	43	1528098	1067
Togo	Africa	1967	46	1735550	1477
Togo	Africa	1972	49	2056351	1649
Togo	Africa	1977	52	2308582	1532
Togo	Africa	1982	55	2644765	1344
Togo	Africa	1987	56	3154264	1202
Togo	Africa	1992	58	3747553	1034
Togo	Africa	1997	58	4320890	982
Togo	Africa	2002	57	4977378	886
Togo	Africa	2007	58	5701579	882
Trinidad and Tobago	Americas	1952	59	662850	3023
Trinidad and Tobago	Americas	1957	61	764900	4100
Trinidad and Tobago	Americas	1962	64	887498	4997
Trinidad and Tobago	Americas	1967	65	960155	5621
Trinidad and Tobago	Americas	1972	65	975199	6619
Trinidad and Tobago	Americas	1977	68	1039009	7899
Trinidad and Tobago	Americas	1982	68	1116479	9119
Trinidad and Tobago	Americas	1987	69	1191336	7388
Trinidad and Tobago	Americas	1992	69	1183669	7370
Trinidad and Tobago	Americas	1997	69	1138101	8792
Trinidad and Tobago	Americas	2002	68	1101832	11460
Trinidad and Tobago	Americas	2007	69	1056608	18008
Tunisia	Africa	1952	44	3647735	1468
Tunisia	Africa	1957	47	3950849	1395
Tunisia	Africa	1962	49	4286552	1660
Tunisia	Africa	1967	52	4786986	1932
Tunisia	Africa	1972	55	5303507	2753
Tunisia	Africa	1977	59	6005061	3120
Tunisia	Africa	1982	64	6734098	3560
Tunisia	Africa	1987	66	7724976	3810
Tunisia	Africa	1992	70	8523077	4332
Tunisia	Africa	1997	71	9231669	4876
Tunisia	Africa	2002	73	9770575	5722
Tunisia	Africa	2007	73	10276158	7092
Turkey	Europe	1952	43	22235677	1969
Turkey	Europe	1957	48	25670939	2218
Turkey	Europe	1962	52	29788695	2322
Turkey	Europe	1967	54	33411317	2826
Turkey	Europe	1972	57	37492953	3450
Turkey	Europe	1977	59	42404033	4269
Turkey	Europe	1982	61	47328791	4241
Turkey	Europe	1987	63	52881328	5089
Turkey	Europe	1992	66	58179144	5678
Turkey	Europe	1997	68	63047647	6601
Turkey	Europe	2002	70	67308928	6508
Turkey	Europe	2007	71	71158647	8458
Uganda	Africa	1952	39	5824797	734
Uganda	Africa	1957	42	6675501	774
Uganda	Africa	1962	45	7688797	767
Uganda	Africa	1967	48	8900294	908
Uganda	Africa	1972	51	10190285	950
Uganda	Africa	1977	50	11457758	843
Uganda	Africa	1982	49	12939400	682
Uganda	Africa	1987	51	15283050	617
Uganda	Africa	1992	48	18252190	644
Uganda	Africa	1997	44	21210254	816
Uganda	Africa	2002	47	24739869	927
Uganda	Africa	2007	51	29170398	1056
United Kingdom	Europe	1952	69	50430000	9979
United Kingdom	Europe	1957	70	51430000	11283
United Kingdom	Europe	1962	70	53292000	12477
United Kingdom	Europe	1967	71	54959000	14142
United Kingdom	Europe	1972	72	56079000	15895
United Kingdom	Europe	1977	72	56179000	17428
United Kingdom	Europe	1982	74	56339704	18232
United Kingdom	Europe	1987	75	56981620	21664
United Kingdom	Europe	1992	76	57866349	22705
United Kingdom	Europe	1997	77	58808266	26074
United Kingdom	Europe	2002	78	59912431	29478
United Kingdom	Europe	2007	79	60776238	33203
United States	Americas	1952	68	157553000	13990
United States	Americas	1957	69	171984000	14847
United States	Americas	1962	70	186538000	16173
United States	Americas	1967	70	198712000	19530
United States	Americas	1972	71	209896000	21806
United States	Americas	1977	73	220239000	24072
United States	Americas	1982	74	232187835	25009
United States	Americas	1987	75	242803533	29884
United States	Americas	1992	76	256894189	32003
United States	Americas	1997	76	272911760	35767
United States	Americas	2002	77	287675526	39097
United States	Americas	2007	78	301139947	42951
Uruguay	Americas	1952	66	2252965	5716
Uruguay	Americas	1957	67	2424959	6150
Uruguay	Americas	1962	68	2598466	5603
Uruguay	Americas	1967	68	2748579	5444
Uruguay	Americas	1972	68	2829526	5703
Uruguay	Americas	1977	69	2873520	6504
Uruguay	Americas	1982	70	2953997	6920
Uruguay	Americas	1987	71	3045153	7452
Uruguay	Americas	1992	72	3149262	8137
Uruguay	Americas	1997	74	3262838	9230
Uruguay	Americas	2002	75	3363085	7727
Uruguay	Americas	2007	76	3447496	10611
Venezuela	Americas	1952	55	5439568	7689
Venezuela	Americas	1957	57	6702668	9802
Venezuela	Americas	1962	60	8143375	8422
Venezuela	Americas	1967	63	9709552	9541
Venezuela	Americas	1972	65	11515649	10505
Venezuela	Americas	1977	67	13503563	13143
Venezuela	Americas	1982	68	15620766	11152
Venezuela	Americas	1987	70	17910182	9883
Venezuela	Americas	1992	71	20265563	10733
Venezuela	Americas	1997	72	22374398	10165
Venezuela	Americas	2002	72	24287670	8605
Venezuela	Americas	2007	73	26084662	11415
Vietnam	Asia	1952	40	26246839	605
Vietnam	Asia	1957	42	28998543	676
Vietnam	Asia	1962	45	33796140	772
Vietnam	Asia	1967	47	39463910	637
Vietnam	Asia	1972	50	44655014	699
Vietnam	Asia	1977	55	50533506	713
Vietnam	Asia	1982	58	56142181	707
Vietnam	Asia	1987	62	62826491	820
Vietnam	Asia	1992	67	69940728	989
Vietnam	Asia	1997	70	76048996	1385
Vietnam	Asia	2002	73	80908147	1764
Vietnam	Asia	2007	74	85262356	2441
West Bank and Gaza	Asia	1952	43	1030585	1515
West Bank and Gaza	Asia	1957	45	1070439	1827
West Bank and Gaza	Asia	1962	48	1133134	2198
West Bank and Gaza	Asia	1967	51	1142636	2649
West Bank and Gaza	Asia	1972	56	1089572	3133
West Bank and Gaza	Asia	1977	60	1261091	3682
West Bank and Gaza	Asia	1982	64	1425876	4336
West Bank and Gaza	Asia	1987	67	1691210	5107
West Bank and Gaza	Asia	1992	69	2104779	6017
West Bank and Gaza	Asia	1997	71	2826046	7110
West Bank and Gaza	Asia	2002	72	3389578	4515
West Bank and Gaza	Asia	2007	73	4018332	3025
Yemen, Rep.	Asia	1952	32	4963829	781
Yemen, Rep.	Asia	1957	33	5498090	804
Yemen, Rep.	Asia	1962	35	6120081	825
Yemen, Rep.	Asia	1967	36	6740785	862
Yemen, Rep.	Asia	1972	39	7407075	1265
Yemen, Rep.	Asia	1977	44	8403990	1829
Yemen, Rep.	Asia	1982	49	9657618	1977
Yemen, Rep.	Asia	1987	52	11219340	1971
Yemen, Rep.	Asia	1992	55	13367997	1879
Yemen, Rep.	Asia	1997	58	15826497	2117
Yemen, Rep.	Asia	2002	60	18701257	2234
Yemen, Rep.	Asia	2007	62	22211743	2280
Zambia	Africa	1952	42	2672000	1147
Zambia	Africa	1957	44	3016000	1311
Zambia	Africa	1962	46	3421000	1452
Zambia	Africa	1967	47	3900000	1777
Zambia	Africa	1972	50	4506497	1773
Zambia	Africa	1977	51	5216550	1588
Zambia	Africa	1982	51	6100407	1408
Zambia	Africa	1987	50	7272406	1213
Zambia	Africa	1992	46	8381163	1210
Zambia	Africa	1997	40	9417789	1071
Zambia	Africa	2002	39	10595811	1071
Zambia	Africa	2007	42	11746035	1271
Zimbabwe	Africa	1952	48	3080907	406
Zimbabwe	Africa	1957	50	3646340	518
Zimbabwe	Africa	1962	52	4277736	527
Zimbabwe	Africa	1967	53	4995432	569
Zimbabwe	Africa	1972	55	5861135	799
Zimbabwe	Africa	1977	57	6642107	685
Zimbabwe	Africa	1982	60	7636524	788
Zimbabwe	Africa	1987	62	9216418	706
Zimbabwe	Africa	1992	60	10704340	693
Zimbabwe	Africa	1997	46	11404948	792
Zimbabwe	Africa	2002	39	11926563	672
Zimbabwe	Africa	2007	43	12311143	469
